"0",""
"0","#Renombra variables para cuadro"
"0",""
"0","enma1<-enma %>%"
"0","  rename(""Región""=region_amba_agrup, ""Grupos de edad""=edad_agrup)"
"0",""
"0",""
"0","#Genera el gráfico 1.2"
"0",""
"0","grafico_1.2<-calculate_tabulates(base=enma1,"
"0","                                 x='Grupos de edad',"
"0","                                 y='Región',"
"0","                                 add.percentage = 'col',"
"0","                                 weights = 'weightvec')"
"0",""
"0","knitr::kable(grafico_1.2) %>% #imprime cuadro"
"0","  kable_minimal()"
