"0",""
"0","#Convertir campos vacíos de la variable q5_descendencia en NA"
"0"," enma <- enma %>%"
"0","  mutate(q5_descendencia = na_if(q5_descendencia, """"))"
"0",""
"0","#Genera el gráfico 1.5"
"0",""
"0","grafico_1.5<-enma %>%"
"0","  filter(!is.na(q5_descendencia)) %>%  #Seleeciona solo aquellos que respondieron a la pregunta q5"
"0","  group_by(region_amba_agrup) %>% #Agrupa la información según máximo nivel educativo alcanzado"
"0","  summarise(Total= round(sum(weightvec),0), #Calcula total de respuestas válidas"
"0","            ind=sum(weightvec[q5_descendencia_indigena==1]), #Calcula total de respuestas que indican tener descendencia indígena"
"0","            afro=sum(weightvec[q5_descendencia_afro==1]), #Calcula total de respuestas que indican tener descendencia indígena"
"0","            'Indígena'= round(ind/Total*100,1), #Calcula porcentaje con descendencia indígena"
"0","            'Afrodescendiente'=round(afro/Total*100,1)) %>% #Calcula porcentaje con descendencia afro"
"0","  select(1,5:6) #Selecciona columnas con porcentaje"
"0","  "
"0",""
"0","  "
"0","knitr::kable(grafico_1.5) %>% "
"0","  kable_minimal() #imprime cuadro"
