"0",""
"0","#Genera el cuadro 1.2 "
"0",""
"0","cuadro_1.2 <- enma %>% "
"0","  group_by(nacionalidad_var) %>%  #Agrupa la información según nacionalidad para nacionalidades seleccionadas"
"0","  summarise (Cantidad = round(sum(weightvec))) %>% #Calcula el total para cada nacionalidad"
"0","  mutate(Porcentaje=round((Cantidad/sum(Cantidad))*100,1)) %>%  #Calcula el porcentaje para cada nacionalidad"
"0","  arrange(desc(Porcentaje)) %>% #Ordena de mayor a menor la información"
"0","  rename(""País de nacimiento""=nacionalidad_var) %>% #Renombra la variable"
"0","  slice(-3) #Elimina información sobre otras nacionalidades de la tabla"
"0",""
"0","knitr::kable(cuadro_1.2) %>% "
"0","  kable_minimal() #imprime cuadro"
