"0",""
"0","#Genera una base de datos con las nacionalidades seleccionadas (Bolivia, Paraguay, Perú y Venezuela)"
"0",""
"0","enma1<-enma %>%"
"0","  mutate(Nacionalidad=case_when("
"0","    nacionalidad_var==""Paraguay"" ~ ""Paraguay"","
"0","    nacionalidad_var==""Bolivia"" ~ ""Bolivia"","
"0","    nacionalidad_var==""Perú"" ~ ""Perú"","
"0","    nacionalidad_var==""Venezuela"" ~ ""Venezuela"","
"0","    TRUE ~ NA)) %>% "
"0","  filter(!is.na(Nacionalidad)) %>% #Selecciona solamente información para nacionalidades de interés"
"0","  rename(""Región""=region_amba_agrup)"
"0",""
"0","#Genera el cuadro 1.3"
"0",""
"0","cuadro_1.3<-calculate_tabulates(base=enma1,"
"0","                                 x='Región',"
"0","                                 y='Nacionalidad',"
"0","                                 add.percentage = 'col',"
"0","                                 weights = 'weightvec')"
"0",""
"0","knitr::kable(cuadro_1.3) %>% #imprime cuadro"
"0","  kable_minimal()"
