"0",""
"0","#Instalación de paquetes"
"0",""
"0","#install.packages(""tidyverse"")"
"0","#install.packages(""readxl"")"
"0","#install.packages(""janitor"")"
"0","#install.packages(""dplyr"")"
"0","#install.packages(""writexl"")"
"0","#install.packages(""eph"")"
"0","#install.packages(""openxlsx"")"
"0","#install.packages(""rmarkdown"")"
"0","#install.packages(""knitr"")"
"0","#install.packages(""kableExtra"")"
"0",""
"0","library(tidyverse)"
"0","library(readxl)"
"0","library(janitor)"
"0","library(dplyr)"
"0","library(writexl)"
"0","library(eph)"
"0","library(openxlsx)"
"0","library(rmarkdown)"
"0","library(knitr)"
"0","library(kableExtra)"
"0",""
