{"chunk_definitions":[{"row":9,"row_count":1,"visible":true,"expansion_state":0,"options":{"engine":"r","label":"setup","include":false,"dev":"png"},"document_id":"20AEA504","chunk_id":"csetup_chunk","chunk_label":"setup"},{"row":41,"row_count":1,"visible":true,"expansion_state":0,"options":{"engine":"r","label":"librerias","echo":true,"message":false,"warning":false,"dev":"png"},"document_id":"20AEA504","chunk_id":"cn2beantlhyc8","chunk_label":"librerias"},{"row":56,"row_count":1,"visible":true,"expansion_state":0,"options":{"engine":"r","label":"carga","echo":true,"message":false,"warning":false,"dev":"png"},"document_id":"20AEA504","chunk_id":"ca4a3gi169iqo","chunk_label":"carga"},{"row":84,"row_count":1,"visible":true,"expansion_state":0,"options":{"engine":"r","label":"cuadro1.2","echo":true,"message":false,"warning":false,"dev":"png"},"document_id":"20AEA504","chunk_id":"clxf78wq7cyra","chunk_label":"cuadro1.2"},{"row":114,"row_count":1,"visible":true,"expansion_state":0,"options":{"engine":"r","label":"cuadro1.3","echo":true,"message":false,"warning":false,"dev":"png"},"document_id":"20AEA504","chunk_id":"c31il3zkdcnwj","chunk_label":"cuadro1.3"},{"row":141,"row_count":1,"visible":true,"expansion_state":0,"options":{"engine":"r","label":"graf1.2","echo":true,"message":false,"warning":false,"dev":"png"},"document_id":"20AEA504","chunk_id":"cf7wc6p5vqyci","chunk_label":"graf1.2"},{"row":240,"row_count":1,"visible":true,"expansion_state":0,"options":{},"document_id":"20AEA504","chunk_id":"cv7hbq513kwy2","chunk_label":"graf1.5"}],"doc_write_time":1734089930,"working_dir":null,"default_chunk_options":{"echo":true}}